﻿<?xml version="1.0" encoding="utf-8"?>
<TextureAtlas imagePath="ScratchCat_Assets.png">
	<!-- Created with Adobe Animate version 20.0.0.17400 -->
	<!-- http://www.adobe.com/products/animate.html -->
	<SubTexture name="ScratchCat Cutscene0000" x="0" y="0" width="464" height="404"/>
	<SubTexture name="ScratchCat Cutscene0001" x="464" y="0" width="464" height="404"/>
	<SubTexture name="ScratchCat Cutscene0002" x="928" y="0" width="464" height="404"/>
	<SubTexture name="ScratchCat Cutscene0003" x="1392" y="0" width="464" height="404"/>
	<SubTexture name="ScratchCat Cutscene0004" x="1856" y="0" width="464" height="404"/>
	<SubTexture name="ScratchCat Cutscene0005" x="2320" y="0" width="464" height="404"/>
	<SubTexture name="ScratchCat Cutscene0006" x="2784" y="0" width="464" height="404"/>
	<SubTexture name="ScratchCat Cutscene0007" x="3248" y="0" width="464" height="404"/>
	<SubTexture name="ScratchCat Cutscene0008" x="0" y="404" width="464" height="404"/>
	<SubTexture name="ScratchCat Cutscene0009" x="464" y="404" width="464" height="404"/>
	<SubTexture name="ScratchCat Cutscene0010" x="928" y="404" width="464" height="404"/>
	<SubTexture name="ScratchCat Cutscene0011" x="1392" y="404" width="464" height="404"/>
	<SubTexture name="ScratchCat Cutscene0012" x="1856" y="404" width="464" height="404"/>
	<SubTexture name="ScratchCat Cutscene0013" x="2320" y="404" width="464" height="404"/>
	<SubTexture name="ScratchCat Cutscene0014" x="2784" y="404" width="464" height="404"/>
	<SubTexture name="ScratchCat Cutscene0015" x="3248" y="404" width="464" height="404"/>
	<SubTexture name="ScratchCat Cutscene0016" x="0" y="808" width="464" height="404"/>
	<SubTexture name="ScratchCat Cutscene0017" x="464" y="808" width="464" height="404"/>
	<SubTexture name="ScratchCat Cutscene0018" x="928" y="808" width="464" height="404"/>
	<SubTexture name="ScratchCat Cutscene0019" x="1392" y="808" width="464" height="404"/>
	<SubTexture name="ScratchCat Cutscene0020" x="1856" y="808" width="464" height="404"/>
	<SubTexture name="ScratchCat Cutscene0021" x="2320" y="808" width="464" height="404"/>
	<SubTexture name="ScratchCat Cutscene0022" x="2784" y="808" width="464" height="404"/>
	<SubTexture name="ScratchCat Cutscene0023" x="3248" y="808" width="464" height="404"/>
	<SubTexture name="ScratchCat Cutscene0024" x="0" y="1212" width="464" height="404"/>
	<SubTexture name="ScratchCat Cutscene0025" x="464" y="1212" width="464" height="404"/>
	<SubTexture name="ScratchCat Cutscene0026" x="928" y="1212" width="464" height="404"/>
	<SubTexture name="ScratchCat Cutscene0027" x="1392" y="1212" width="464" height="404"/>
	<SubTexture name="ScratchCat Cutscene0028" x="1856" y="1212" width="464" height="404"/>
	<SubTexture name="ScratchCat Cutscene0029" x="2320" y="1212" width="464" height="404"/>
	<SubTexture name="ScratchCat Cutscene0030" x="2784" y="1212" width="464" height="404"/>
	<SubTexture name="ScratchCat Cutscene0031" x="3248" y="1212" width="464" height="404"/>
	<SubTexture name="ScratchCat Cutscene0032" x="0" y="1616" width="464" height="404"/>
	<SubTexture name="ScratchCat Cutscene0033" x="0" y="1616" width="464" height="404"/>
	<SubTexture name="ScratchCat Cutscene0034" x="0" y="1616" width="464" height="404"/>
	<SubTexture name="ScratchCat Cutscene0035" x="0" y="1616" width="464" height="404"/>
	<SubTexture name="ScratchCat Cutscene0036" x="0" y="1616" width="464" height="404"/>
	<SubTexture name="ScratchCat Cutscene0037" x="0" y="1616" width="464" height="404"/>
	<SubTexture name="ScratchCat Cutscene0038" x="0" y="1616" width="464" height="404"/>
	<SubTexture name="ScratchCat Cutscene0039" x="464" y="1616" width="464" height="404"/>
	<SubTexture name="ScratchCat Cutscene0040" x="928" y="1616" width="464" height="404"/>
	<SubTexture name="ScratchCat Cutscene0041" x="1392" y="1616" width="464" height="404"/>
	<SubTexture name="ScratchCat Cutscene0042" x="1856" y="1616" width="464" height="404"/>
	<SubTexture name="ScratchCat Cutscene0043" x="2320" y="1616" width="464" height="404"/>
	<SubTexture name="ScratchCat Cutscene0044" x="2320" y="1616" width="464" height="404"/>
	<SubTexture name="ScratchCat Cutscene0045" x="2320" y="1616" width="464" height="404"/>
	<SubTexture name="ScratchCat Cutscene0046" x="2320" y="1616" width="464" height="404"/>
	<SubTexture name="ScratchCat Cutscene0047" x="2320" y="1616" width="464" height="404"/>
	<SubTexture name="ScratchCat Cutscene0048" x="2320" y="1616" width="464" height="404"/>
	<SubTexture name="ScratchCat Cutscene0049" x="2320" y="1616" width="464" height="404"/>
	<SubTexture name="ScratchCat Cutscene0050" x="2320" y="1616" width="464" height="404"/>
	<SubTexture name="ScratchCat Cutscene0051" x="2320" y="1616" width="464" height="404"/>
	<SubTexture name="ScratchCat Cutscene0052" x="2320" y="1616" width="464" height="404"/>
	<SubTexture name="ScratchCat Cutscene0053" x="2320" y="1616" width="464" height="404"/>
	<SubTexture name="ScratchCat Down0000" x="2784" y="1616" width="464" height="404" frameX="0" frameY="0" frameWidth="464" frameHeight="406"/>
	<SubTexture name="ScratchCat Down0001" x="3248" y="1616" width="464" height="404" frameX="0" frameY="0" frameWidth="464" frameHeight="406"/>
	<SubTexture name="ScratchCat Down0002" x="0" y="2020" width="464" height="405" frameX="0" frameY="0" frameWidth="464" frameHeight="406"/>
	<SubTexture name="ScratchCat Down0003" x="0" y="2020" width="464" height="405" frameX="0" frameY="0" frameWidth="464" frameHeight="406"/>
	<SubTexture name="ScratchCat Down0004" x="464" y="2020" width="464" height="406"/>
	<SubTexture name="ScratchCat Down0005" x="464" y="2020" width="464" height="406"/>
	<SubTexture name="ScratchCat Down0006" x="0" y="2020" width="464" height="405" frameX="0" frameY="0" frameWidth="464" frameHeight="406"/>
	<SubTexture name="ScratchCat Down0007" x="0" y="2020" width="464" height="405" frameX="0" frameY="0" frameWidth="464" frameHeight="406"/>
	<SubTexture name="ScratchCat Down0008" x="0" y="2020" width="464" height="405" frameX="0" frameY="0" frameWidth="464" frameHeight="406"/>
	<SubTexture name="ScratchCat Down0009" x="0" y="2020" width="464" height="405" frameX="0" frameY="0" frameWidth="464" frameHeight="406"/>
	<SubTexture name="ScratchCat Down0010" x="0" y="2020" width="464" height="405" frameX="0" frameY="0" frameWidth="464" frameHeight="406"/>
	<SubTexture name="ScratchCat Down0011" x="0" y="2020" width="464" height="405" frameX="0" frameY="0" frameWidth="464" frameHeight="406"/>
	<SubTexture name="ScratchCat Down0012" x="0" y="2020" width="464" height="405" frameX="0" frameY="0" frameWidth="464" frameHeight="406"/>
	<SubTexture name="ScratchCat Down0013" x="0" y="2020" width="464" height="405" frameX="0" frameY="0" frameWidth="464" frameHeight="406"/>
	<SubTexture name="ScratchCat Idle0000" x="928" y="2020" width="464" height="404"/>
	<SubTexture name="ScratchCat Idle0001" x="928" y="2020" width="464" height="404"/>
	<SubTexture name="ScratchCat Idle0002" x="1392" y="2020" width="464" height="404"/>
	<SubTexture name="ScratchCat Idle0003" x="1392" y="2020" width="464" height="404"/>
	<SubTexture name="ScratchCat Idle0004" x="1856" y="2020" width="464" height="404"/>
	<SubTexture name="ScratchCat Idle0005" x="1856" y="2020" width="464" height="404"/>
	<SubTexture name="ScratchCat Idle0006" x="2320" y="2020" width="464" height="404"/>
	<SubTexture name="ScratchCat Idle0007" x="2320" y="2020" width="464" height="404"/>
	<SubTexture name="ScratchCat Idle0008" x="2784" y="2020" width="464" height="404"/>
	<SubTexture name="ScratchCat Idle0009" x="2784" y="2020" width="464" height="404"/>
	<SubTexture name="ScratchCat Idle0010" x="2784" y="2020" width="464" height="404"/>
	<SubTexture name="ScratchCat Idle0011" x="2784" y="2020" width="464" height="404"/>
	<SubTexture name="ScratchCat Idle0012" x="2784" y="2020" width="464" height="404"/>
	<SubTexture name="ScratchCat Idle0013" x="2784" y="2020" width="464" height="404"/>
	<SubTexture name="ScratchCat Left0000" x="3248" y="2020" width="464" height="404"/>
	<SubTexture name="ScratchCat Left0001" x="0" y="2426" width="464" height="404"/>
	<SubTexture name="ScratchCat Left0002" x="464" y="2426" width="464" height="404"/>
	<SubTexture name="ScratchCat Left0003" x="464" y="2426" width="464" height="404"/>
	<SubTexture name="ScratchCat Left0004" x="928" y="2426" width="464" height="404"/>
	<SubTexture name="ScratchCat Left0005" x="928" y="2426" width="464" height="404"/>
	<SubTexture name="ScratchCat Left0006" x="1392" y="2426" width="464" height="404"/>
	<SubTexture name="ScratchCat Left0007" x="1392" y="2426" width="464" height="404"/>
	<SubTexture name="ScratchCat Left0008" x="1392" y="2426" width="464" height="404"/>
	<SubTexture name="ScratchCat Left0009" x="1392" y="2426" width="464" height="404"/>
	<SubTexture name="ScratchCat Left0010" x="1392" y="2426" width="464" height="404"/>
	<SubTexture name="ScratchCat Left0011" x="1392" y="2426" width="464" height="404"/>
	<SubTexture name="ScratchCat Left0012" x="1392" y="2426" width="464" height="404"/>
	<SubTexture name="ScratchCat Left0013" x="1392" y="2426" width="464" height="404"/>
	<SubTexture name="ScratchCat Right0000" x="1856" y="2426" width="464" height="404"/>
	<SubTexture name="ScratchCat Right0001" x="2320" y="2426" width="464" height="404"/>
	<SubTexture name="ScratchCat Right0002" x="2784" y="2426" width="464" height="404"/>
	<SubTexture name="ScratchCat Right0003" x="2784" y="2426" width="464" height="404"/>
	<SubTexture name="ScratchCat Right0004" x="3248" y="2426" width="464" height="404"/>
	<SubTexture name="ScratchCat Right0005" x="3248" y="2426" width="464" height="404"/>
	<SubTexture name="ScratchCat Right0006" x="0" y="2830" width="464" height="404"/>
	<SubTexture name="ScratchCat Right0007" x="0" y="2830" width="464" height="404"/>
	<SubTexture name="ScratchCat Right0008" x="0" y="2830" width="464" height="404"/>
	<SubTexture name="ScratchCat Right0009" x="0" y="2830" width="464" height="404"/>
	<SubTexture name="ScratchCat Right0010" x="0" y="2830" width="464" height="404"/>
	<SubTexture name="ScratchCat Right0011" x="0" y="2830" width="464" height="404"/>
	<SubTexture name="ScratchCat Right0012" x="0" y="2830" width="464" height="404"/>
	<SubTexture name="ScratchCat Right0013" x="0" y="2830" width="464" height="404"/>
	<SubTexture name="ScratchCat Up0000" x="464" y="2830" width="464" height="404"/>
	<SubTexture name="ScratchCat Up0001" x="928" y="2830" width="464" height="404"/>
	<SubTexture name="ScratchCat Up0002" x="1392" y="2830" width="464" height="404"/>
	<SubTexture name="ScratchCat Up0003" x="1392" y="2830" width="464" height="404"/>
	<SubTexture name="ScratchCat Up0004" x="1856" y="2830" width="464" height="404"/>
	<SubTexture name="ScratchCat Up0005" x="1856" y="2830" width="464" height="404"/>
	<SubTexture name="ScratchCat Up0006" x="1392" y="2830" width="464" height="404"/>
	<SubTexture name="ScratchCat Up0007" x="1392" y="2830" width="464" height="404"/>
	<SubTexture name="ScratchCat Up0008" x="1392" y="2830" width="464" height="404"/>
	<SubTexture name="ScratchCat Up0009" x="1392" y="2830" width="464" height="404"/>
	<SubTexture name="ScratchCat Up0010" x="1392" y="2830" width="464" height="404"/>
	<SubTexture name="ScratchCat Up0011" x="1392" y="2830" width="464" height="404"/>
	<SubTexture name="ScratchCat Up0012" x="1392" y="2830" width="464" height="404"/>
	<SubTexture name="ScratchCat Up0013" x="1392" y="2830" width="464" height="404"/>
</TextureAtlas>
